date,tavg,tmin,tmax,prcp,snow,wdir,wspd,wpgt,pres,tsun
2022-01-01,6.2,3.6,10.9,0,0,178,2.1,9.3,1029.1,
2022-01-02,7.8,2.7,13.8,0,0,219,8.1,44.5,1024.6,
2022-01-03,10.2,8.3,11.2,0.8,0,235,16.5,51.8,1020,
2022-01-04,10.7,3.5,14.6,11.5,0,233,19,59.3,1003.8,
2022-01-05,1.3,-1.2,3.4,0.5,0,241,12.6,37,1011.6,
2022-01-06,-0.5,-2.3,0.8,0.7,0,182,4.1,13,1021.3,
2022-01-07,-0.1,-1.8,1.5,1.6,0,208,9.6,37,1021.5,
2022-01-08,1.7,0.2,3.2,4,20,226,15.8,50,1014.9,
2022-01-09,2,0,4.1,12.8,0,226,17.4,74.1,1006.9,
2022-01-10,0.6,-0.4,1.6,0.3,50,35,5.9,22.2,1020.2,
2022-01-11,0.5,-0.7,2.8,0,30,51,9,33.3,1031.7,
2022-01-12,-1.6,-4.4,0.3,0,20,51,6.8,24.1,1038.7,
2022-01-13,-2.4,-5,0.6,0,10,54,5.5,20.4,1041.5,
2022-01-14,-1,-3.8,3.4,0,10,113,2.4,7.4,1038,
2022-01-15,-1.4,-3,2,0,0,96,3,11.1,1030.1,
2022-01-16,-0.3,-3,3.6,0,0,235,3.8,16.7,1030.7,
2022-01-17,2.5,-0.1,5.2,0,10,223,3.6,13,1036.8,
2022-01-18,1.2,-1,4.3,0,0,53,8.3,31.5,1036.9,
2022-01-19,1.4,-0.3,3.7,0.2,0,220,6.2,24.1,1031.4,
2022-01-20,1.4,-0.6,2.6,0.2,0,248,9.9,27.8,1029.6,
2022-01-21,-0.3,-2.3,2,0,0,33,4.5,18.5,1034.4,
2022-01-22,0,-2,3.8,0,0,170,3.5,11.1,1036.1,
2022-01-23,0.6,-2.5,4.6,0,0,53,6.6,27.8,1035.1,
2022-01-24,-0.3,-1.5,0.8,0,0,56,4.8,20.4,1034.8,
2022-01-25,0.1,-1.8,3.9,0,0,180,2.7,9.3,1035.1,
2022-01-26,-0.3,-3.4,4.7,0,0,250,2.8,9.3,1034.5,
2022-01-27,-1.1,-4.6,4.4,2.4,0,221,4.4,14.8,1032.9,
2022-01-28,2.1,0.1,5.7,0,0,239,5.6,16.7,1036.4,
2022-01-29,3.5,-0.4,8.2,0,0,223,9.3,40.8,1035.1,
2022-01-30,5.4,2.1,8.7,0,0,256,8.3,35.2,1030.9,
2022-01-31,2.3,0.2,4,4.5,0,244,18.7,70.4,1020,
2022-02-01,1.1,-0.1,3,3.5,10,239,20.1,59.3,1024.5,
2022-02-02,5.1,3.1,6.3,2,0,239,17,48.2,1023.4,
2022-02-03,5.6,3,7.7,0,0,212,4.2,18.5,1021.5,
2022-02-04,5,3,6.7,0.4,0,232,10,48.2,1018.9,
2022-02-05,3.5,0.6,6.6,0,0,249,7.8,42.6,1025.5,
2022-02-06,3.9,0.9,6.7,12.5,0,228,25,105.6,1021.7,
2022-02-07,3.1,-0.7,6.5,0,0,251,18.5,100,1024.8,
2022-02-08,3.1,-0.4,8.4,0,0,197,3.9,14.8,1035.2,
2022-02-09,4.1,-0.7,11.1,0,0,195,3.5,13,1031.5,
2022-02-10,6.7,1.7,12.3,8.2,0,224,8.2,35.2,1026.3,
2022-02-11,3.7,-0.9,6.1,3.2,0,292,5.8,20.4,1030.1,
2022-02-12,0.6,-2.8,4.6,0,0,78,5.9,22.2,1030.9,
2022-02-13,2.9,-0.9,9.7,0,0,170,3.6,14.8,1022.1,
2022-02-14,4.3,0.6,9.7,1.9,0,184,5.4,22.2,1012.6,
2022-02-15,4,2.7,6.8,1.2,0,226,11.5,33.3,1017.4,
2022-02-16,4.4,1.9,9.4,4.1,0,219,16.1,55.5,1015.3,
2022-02-17,10.3,8.2,13.2,1.9,0,238,30.6,83.3,1014.7,
2022-02-18,9.6,4.9,15.1,4.4,0,231,17.8,66.7,1013.2,
2022-02-19,4.7,2,7.7,0.3,0,247,14.7,57.4,1020.9,
2022-02-20,7.3,3.5,11.2,1.8,0,234,22.2,72.2,1021.2,
2022-02-21,5,2.3,9.4,6,0,239,30.2,85.2,1014.1,
2022-02-22,5.4,2.3,8.4,0.6,0,240,17.9,44.5,1024.9,
2022-02-23,7.2,3.7,11.4,0.2,0,167,7.1,40.8,1026.7,
2022-02-24,6.8,2,10.4,1.3,0,210,11.1,51.8,1020.3,
2022-02-25,2.9,0.3,7.4,0.9,0,245,11.4,46.3,1027.6,
2022-02-26,1.8,-1.4,6.4,0,0,54,8.9,35.2,1032.8,
2022-02-27,1.4,-3.4,6.9,0,0,54,10.4,35.2,1029.7,
2022-02-28,1.7,-3,7.7,0,0,58,5.9,18.5,1031.2,
2022-03-01,2.1,-2.8,8.3,0,0,53,6,24.1,1028.9,
2022-03-02,3.7,-1.8,9.8,0,0,68,3.1,13,1023.7,
2022-03-03,5.9,0.2,12.2,0,0,40,4.2,24.1,1017.7,
2022-03-04,3.3,-1.1,8.6,0,0,47,9.4,29.6,1018.3,
2022-03-05,1.3,-3,6.7,0,0,46,8.2,25.9,1019.5,
2022-03-06,0.1,-3.6,5.2,0,0,46,9.1,27.8,1020.8,
2022-03-07,-0.1,-3.7,4.8,0,0,50,11.3,33.3,1022.1,
2022-03-08,0.2,-4.6,6.6,0,0,50,8,27.8,1022.5,
2022-03-09,4.1,-2.1,11.7,0,0,76,3.6,14.8,1024.7,
2022-03-10,5.7,-0.7,13.4,0,0,56,5.3,20.4,1023.9,
2022-03-11,6.2,-0.1,12.6,0,0,73,6.2,20.4,1019.2,
2022-03-12,8.2,4.7,12.8,0,0,63,6.5,22.2,1018.7,
2022-03-13,9.4,2.8,16.6,1.1,0,73,6.5,24.1,1016,
2022-03-14,9,4.6,14.2,0.6,0,270,7.5,33.3,1026.5,
2022-03-15,7.3,5.3,10,1.2,0,55,5.1,18.5,1026.2,
2022-03-16,9.4,5.9,14.1,0,0,58,5.6,25.9,1022.7,
2022-03-17,9.2,5.3,14.6,2.5,0,33,6.7,29.6,1025.5,
2022-03-18,7.4,5.6,10.3,0.1,0,48,14.6,44.5,1033.3,
2022-03-19,7.2,3.5,12.3,0,0,49,13.2,42.6,1031.8,
2022-03-20,9.4,1.5,15.9,0,0,60,7,29.6,1028.8,
2022-03-21,9.3,3.4,15.5,0,0,59,6.2,29.6,1031.1,
2022-03-22,8.9,2.5,16.2,0,0,43,4.7,22.2,1031,
2022-03-23,9.3,3.1,17.8,0,0,15,3.8,20.4,1029.8,
2022-03-24,10.6,4.2,18.6,0,0,31,3.8,18.5,1027.6,
2022-03-25,11.3,4.7,18.5,0,0,40,5.9,31.5,1025.6,
2022-03-26,11.8,4.8,18.5,0,0,47,10.6,35.2,1025.7,
2022-03-27,12,4.1,19.4,0,0,,,,,
2022-03-28,12.6,6.2,20,0,0,231,4.3,24.1,1023.6,
2022-03-29,12.8,7.7,17.4,0,0,220,5.1,31.5,1012,
2022-03-30,9.6,7.4,12.7,9.9,0,232,8.2,33.3,1002.9,
2022-03-31,6.9,4.2,9.8,11.1,0,260,6,31.5,997,
2022-04-01,1.6,-0.5,4.2,18.4,0,268,7.2,25.9,1000.7,
2022-04-02,-0.6,-2.2,0.7,4.3,30,15,6,20.4,1009.8,
2022-04-03,-0.1,-2.5,2.8,0,20,39,7.7,24.1,1020.2,
2022-04-04,2.8,-2.2,7.5,0,0,270,10.3,38.9,1020.3,
2022-04-05,6.9,4.1,11.7,0,0,238,12.3,31.5,1015.5,
2022-04-06,10.5,6.7,16.7,0.3,0,236,7.9,35.2,1009.6,
2022-04-07,10.2,8.2,12.7,18.9,0,235,27.5,88.9,1003.6,
2022-04-08,10.6,6.6,14.2,4.5,0,238,26.9,83.3,1002.6,
2022-04-09,4.6,1.5,9.5,3,0,251,15.3,90.8,1011.8,
2022-04-10,4.8,0.3,10.6,0,0,231,5.6,16.7,1022.2,
2022-04-11,8.2,0.7,16.2,0,0,47,6.8,18.5,1017.2,
2022-04-12,12.7,5,21.3,0,0,47,5.4,16.7,1013.3,
2022-04-13,16.3,10.4,22.8,0,0,307,3.7,20.4,1014.6,
2022-04-14,16.7,10.4,22.2,0,0,305,4.6,22.2,1018.6,
2022-04-15,15.3,11.6,19.9,0,0,37,5.5,20.4,1022.4,
2022-04-16,10.2,6,14.6,0,0,49,14.1,42.6,1025.4,
2022-04-17,8.5,2.6,15,0,0,53,14.1,40.8,1023.7,
2022-04-18,9.7,2.2,16.9,0,0,46,7.8,25.9,1017.3,
2022-04-19,11.8,4.6,17.9,0,0,359,5.6,25.9,1012,
2022-04-20,9.9,5.3,16.1,0,0,47,12,35.2,1010.6,
2022-04-21,10.4,3.6,17.5,0,0,43,11.1,31.5,1007.3,
2022-04-22,11.6,4.9,17.2,0,0,41,8.3,31.5,1001.6,
2022-04-23,10.4,8.1,13.6,2.2,0,48,10.2,27.8,1000,
2022-04-24,8.4,6.2,10.7,12.3,0,233,9.6,35.2,1001.8,
2022-04-25,9.3,7.7,13.9,5.9,0,212,9,24.1,1010.5,
2022-04-26,8.6,5.7,12.7,5.9,0,231,6.9,27.8,1016.4,
2022-04-27,10.4,4.6,15.9,0,0,42,9.4,31.5,1021,
2022-04-28,12,5,18.8,0,0,46,10.4,31.5,1024.7,
2022-04-29,12.9,6.1,18.7,2.2,0,14,6.7,24.1,1024.4,
2022-04-30,10,7.1,15.8,7.3,0,256,5.1,18.5,1022.2,
2022-05-01,10.5,6.5,16.2,0,0,37,5.3,20.4,1020.3,
2022-05-02,12.1,5.9,18.9,0,0,47,6.4,24.1,1015.8,
2022-05-03,12.3,7.9,19.3,0.9,0,11,5,25.9,1014.9,
2022-05-04,12.1,8.6,19.1,11.8,0,233,4.8,25.9,1017,
2022-05-05,10.9,9.5,13.5,34.5,0,260,5.1,25.9,1020.3,
2022-05-06,11,9.2,13.6,3.8,0,8,4.8,20.4,1022.4,
2022-05-07,12,9.8,17.1,3.7,0,47,5.6,27.8,1021.8,
2022-05-08,13.4,9.9,17.4,0,0,51,7.3,31.5,1021.5,
2022-05-09,15,10.1,20.6,0,0,52,5.5,20.4,1022.9,
2022-05-10,17.2,10.4,23.6,0,0,201,4.5,24.1,1021.2,
2022-05-11,20.8,13.4,26.6,0,0,222,7.1,35.2,1017,
2022-05-12,21.1,17.3,26.4,0.1,0,248,10.4,37,1018.4,
2022-05-13,16.8,15.3,18.7,0.3,0,228,6.5,22.2,1020.8,
2022-05-14,17.9,13.2,23.5,0,0,21,4.4,18.5,1020,
2022-05-15,19,11.6,26.4,1.8,0,45,5.5,18.5,1016.7,
2022-05-16,19.1,14.4,23.6,0,0,206,7.6,33.3,1019.2,
2022-05-17,19.7,13.3,24.8,0,0,51,5.5,20.4,1020.3,
2022-05-18,20.6,12.8,27.2,0,0,51,8.1,27.8,1020.3,
2022-05-19,20.3,14.6,28.5,2.9,0,169,6.2,29.6,1021.4,
2022-05-20,23.3,16.3,30.4,0.6,0,200,7,35.2,1020.1,
2022-05-21,18.9,15.7,23.6,0,0,266,9,51.8,1021,
2022-05-22,17.8,12.6,23.5,0.1,0,37,6.1,20.4,1014.3,
2022-05-23,17.9,14.9,23.8,8.9,0,287,7.6,33.3,1005.4,
2022-05-24,13.1,10.7,15.2,2,0,247,8.8,33.3,1010.2,
2022-05-25,15.3,11,20.4,0,0,310,5,18.5,1016,
2022-05-26,16.7,12.1,21.3,0,0,279,5.8,20.4,1022.5,
2022-05-27,16.4,11.6,20.9,0,0,263,9.7,24.1,1022.3,
2022-05-28,14.4,10.7,17.7,0,0,14,6.9,24.1,1018.7,
2022-05-29,11.7,8,15.6,0,0,25,7.9,25.9,1012.1,
2022-05-30,13,6.4,18.6,0,0,36,7.1,24.1,1010.8,
2022-05-31,14.5,11.6,19.7,1.2,0,168,8.6,24.1,1013,
2022-06-01,14.7,12,19,1.1,0,197,6.4,24.1,1016.2,
2022-06-02,17.3,13.1,22.1,0,0,51,4.7,,1017.8,
2022-06-03,18,13.9,25.1,2.3,0,47,5.6,,1015.9,
2022-06-04,20.9,14.8,27.2,0.9,0,138,4.3,,1017.1,
2022-06-05,17.2,13.9,21.8,18.4,0,252,10.1,,1015.7,
2022-06-06,17.5,12.8,23.6,12.7,0,237,5.3,,1018.3,
2022-06-07,15.2,13.1,18.5,2.4,0,231,7.5,,1016.7,
2022-06-08,15.2,12.1,21,7.1,0,185,6.6,,1012.4,
2022-06-09,13.2,10.6,17.2,1.2,0,256,9.9,,1016.7,
2022-06-10,16.6,9.3,21.7,0,0,88,5.8,,1023.4,
2022-06-11,18.8,11.6,25.3,0,0,88,5,,1023.3,
2022-06-12,21.4,14,28.8,7.6,0,359,4.4,,1021,
2022-06-13,19.4,14.2,23.6,0,0,277,8.4,,1020.5,
2022-06-14,19,11.8,25.8,0,0,44,8.2,24.1,1019,
2022-06-15,22.8,14.8,30,4.2,0,201,6.1,22.2,1016.3,
2022-06-16,23.2,17.4,29,0,0,225,7.5,33.3,1017.7,
2022-06-17,22.4,16.1,28.3,0,0,43,5.5,16.7,1021.7,
2022-06-18,24.7,17,32.2,0,0,75,5.9,24.1,1018.3,
2022-06-19,27.5,20.8,34.2,0,0,194,5.9,25.9,1009.9,
2022-06-20,25.6,19.5,31.5,0,0,260,8.7,35.2,1010.5,
2022-06-21,22.6,17.2,29.9,0.2,0,31,7.6,27.8,1011.3,
2022-06-22,19.4,15.4,23.8,6.6,0,146,4.8,16.7,1010.6,
2022-06-23,20.6,15.3,28.9,2.8,0,102,5.8,25.9,1011,
2022-06-24,16.6,13.7,21.6,22.6,0,225,7.9,35.2,1012,
2022-06-25,19.3,13.1,25.4,2.7,0,92,5.3,20.4,1013.3,
2022-06-26,21.4,15,28.6,0,0,50,5.2,18.5,1012.7,
2022-06-27,17.7,14.3,21.8,9.4,0,283,7.2,27.8,1015.8,
2022-06-28,16.6,13,19.5,0,0,37,7.3,24.1,1018.7,
2022-06-29,20.1,15.5,25.4,0,0,300,5.5,18.5,1013.9,
2022-06-30,20.3,12.4,27.3,24.4,0,33,5.4,25.9,1011.2,
2022-07-01,14.2,11.7,18.8,1.4,0,244,7.2,31.5,1020.1,
2022-07-02,18.3,11.3,25.1,0,0,52,6.9,22.2,1020.6,
2022-07-03,22.7,15.8,29,5.9,0,245,4.7,22.2,1018.4,
2022-07-04,19.4,16.8,25.2,4.7,0,252,5.7,22.2,1019.4,
2022-07-05,20.3,15.3,25.9,0,0,264,4.4,16.7,1020.1,
2022-07-06,19.9,14.7,25.3,0,0,336,6.5,24.1,1021.7,
2022-07-07,18.1,12.9,22.9,0,0,315,8.6,40.8,1023.1,
2022-07-08,18.2,14.1,23.3,0,0,32,6.9,22.2,1027.4,
2022-07-09,19.1,12,24.9,0,0,43,7.5,22.2,1025.1,
2022-07-10,18.9,14.8,24.2,0,0,17,5.9,24.1,1021.7,
2022-07-11,18.5,11.8,24.7,0,0,46,10.4,29.6,1021.2,
2022-07-12,19.8,13.9,26.9,0,0,49,8,24.1,1022.3,
2022-07-13,22.8,14.2,30.8,0,0,1,5.6,18.5,1021.4,
2022-07-14,26.2,20.6,32.7,0,0,219,7.3,29.6,1017.5,
2022-07-15,22.6,18.2,28,0,0,8,7.1,27.8,1017.4,
2022-07-16,21.6,15.2,27.4,0,0,35,8,24.1,1019.5,
2022-07-17,21.9,14.7,28.9,0,0,45,9.8,27.8,1022.2,
2022-07-18,24,15.9,32,0,0,52,7.2,22.2,1021.4,
2022-07-19,25.6,17.3,34.3,0,0,50,6,16.7,1016.8,
2022-07-20,24.4,18.2,32.6,16.1,0,222,6.5,27.8,1016.9,
2022-07-21,22.3,18.4,27.6,0,0,273,5.7,22.2,1020.1,
2022-07-22,24.3,16.6,32.2,2.2,0,50,6.2,27.8,1016.5,
2022-07-23,20.8,17.7,25.9,6.9,0,213,5.6,18.5,1017.8,
2022-07-24,23.7,17.8,29.8,0,0,60,4.7,18.5,1017.4,
2022-07-25,26.2,19.5,34,0.3,0,219,8.8,42.6,1012.7,
2022-07-26,21.3,17.2,25,0.6,0,265,7.4,27.8,1015.6,
2022-07-27,20.4,15.3,25.9,0,0,24,6.1,20.4,1014.7,
2022-07-28,20.9,14.7,28.9,0.8,0,55,7.5,20.4,1012.7,
2022-07-29,18.2,16.4,23.1,5.5,0,197,5.9,20.4,1015.8,
2022-07-30,20.2,15.2,26,0.4,0,235,6.5,24.1,1018.6,
2022-07-31,22.2,16.7,28.3,0,0,217,5.3,22.2,1018.1,
2022-08-01,23.2,17.5,30.7,1.2,0,233,5.1,25.9,1016.7,
2022-08-02,22,16.1,29.2,0,0,54,4.8,22.2,1017.2,
2022-08-03,25.2,17.6,32.4,0,0,37,4.4,14.8,1014.8,
2022-08-04,27.3,20,34.7,0,0,185,4.9,20.4,1013,
2022-08-05,24.6,18.2,32.4,12.5,0,210,5.9,22.2,1014.3,
2022-08-06,17,14.5,18.3,0,0,48,8.7,27.8,1021,
2022-08-07,17.6,14.2,21.7,0,0,48,8.2,24.1,1019.5,
2022-08-08,20,13.8,26.5,0,0,47,8.5,29.6,1019.7,
2022-08-09,20.9,14.5,27.3,0,0,49,9.7,29.6,1020.9,
2022-08-10,20.2,15.1,27.9,0,0,49,9.7,31.5,1020,
2022-08-11,21.2,14.4,28.1,0,0,46,8.3,24.1,1017.6,
2022-08-12,20.8,15.1,26.9,0,0,50,10.2,31.5,1015.4,
2022-08-13,20.6,13.7,28.1,0,0,53,8.4,29.6,1013.8,
2022-08-14,20.9,14.7,27.1,0.1,0,5,7.2,27.8,1009,
2022-08-15,19.2,16.1,26.9,0,0,228,7.4,37,1008.5,
2022-08-16,21.4,14.7,29.5,0,0,155,4.2,14.8,1009.7,
2022-08-17,22.2,15.5,29,13.3,0,33,5.5,24.1,1010.2,
2022-08-18,17.1,14.9,20.8,6.8,0,294,4.9,24.1,1013.2,
2022-08-19,16.8,15.3,17.9,14.5,0,242,7.2,22.2,1015.5,
2022-08-20,17.6,15.1,22.3,7,0,220,6.8,20.4,1018.7,
2022-08-21,19,15,24.9,0,0,52,4.1,16.7,1016.5,
2022-08-22,19.6,14.6,25.9,0,0,57,4.7,22.2,1014,
2022-08-23,19.9,14.6,26.6,0,0,66,5.6,27.8,1015.9,
2022-08-24,20.1,13.6,27,0,0,58,7,27.8,1017.1,
2022-08-25,21.3,14.7,28.3,0,0,54,4.9,16.7,1015,
2022-08-26,20.7,16.6,28.1,12.5,0,218,5.7,24.1,1013.7,
2022-08-27,18.1,15.3,23.5,0.4,0,344,4.6,16.7,1014.5,
2022-08-28,18.7,15,25.3,0,0,47,6.9,22.2,1015.6,
2022-08-29,19.9,14.4,26.4,0,0,48,6,18.5,1017.3,
2022-08-30,20.3,15.9,27.4,4.7,0,44,5.2,20.4,1017,
2022-08-31,16.6,14.3,20.4,2.1,0,24,5.6,22.2,1018.6,
2022-09-01,16.4,12.9,21.3,0,0,49,8,24.1,1017.1,
2022-09-02,16.8,11.2,23.3,2.8,0,50,6.5,22.2,1014.2,
2022-09-03,17.1,14.5,21.6,1.3,0,181,5.6,22.2,1014.2,
2022-09-04,18.9,13.9,25.3,0,0,99,3.5,14.8,1018.4,
2022-09-05,19.9,15.1,26.1,0,0,88,3.7,14.8,1019.9,
2022-09-06,18.9,17,22,2.6,0,123,4.1,13,1017.9,
2022-09-07,19,14.9,26.1,20.8,0,269,4.8,18.5,1014.9,
2022-09-08,17.3,14.6,21.8,0.6,0,222,8.6,33.3,1013.1,
2022-09-09,16.6,13.7,21.6,0.6,0,232,7.9,38.9,1015,
2022-09-10,14.2,13.1,19,0.3,0,239,11.8,37,1017.9,
2022-09-11,16.3,12.4,21.3,0,0,255,6.1,22.2,1019.3,
2022-09-12,16.7,10.3,23.6,0,0,88,4.5,13,1016,
2022-09-13,19.4,13.9,25.6,0,0,137,3.3,13,1011.6,
2022-09-14,20.6,16.6,22.5,3.1,0,223,8.6,31.5,1008.1,
2022-09-15,16.2,13.4,19.5,12.5,0,238,12.7,38.9,1009.4,
2022-09-16,13.7,9.9,17.4,0.6,0,289,7,25.9,1012.1,
2022-09-17,9.9,7.7,13.3,0.5,0,258,11,35.2,1017.6,
2022-09-18,11.3,7.9,15.4,0,0,247,11.3,35.2,1019.8,
2022-09-19,11.7,8.3,15.4,0,0,316,6.5,25.9,1020.9,
2022-09-20,10.6,6.1,15.1,0,0,37,5.1,16.7,1023,
2022-09-21,10.8,5.4,16.6,0,0,49,10.1,37,1023.7,
2022-09-22,10.6,4.4,17,0,0,47,6.5,27.8,1022,
2022-09-23,13.4,6.8,19.9,2.4,0,191,5,27.8,1018.2,
2022-09-24,12.7,10.3,14.8,4.7,0,191,4.4,14.8,1014,
2022-09-25,10.9,9.6,12.7,6.3,0,231,4.7,18.5,1013.3,
2022-09-26,11.4,9.6,14.9,6,0,238,8.6,33.3,1010,
2022-09-27,9.2,7.1,11.3,16.9,0,239,21.3,55.5,1004.9,
2022-09-28,8.6,6.7,10.4,28.3,0,233,11,48.2,1001.9,
2022-09-29,8.3,6.7,10.6,2.5,0,108,4.5,14.8,1003.5,
2022-09-30,9.7,7.7,12.2,0,0,34,4.4,14.8,1011,
2022-10-01,10.1,7.6,12.9,7.1,0,230,13.4,46.3,1016.8,
2022-10-02,15.3,12.3,19.3,19.3,0,240,17.2,51.8,1021.9,
2022-10-03,12.2,8.6,15.6,0,0,28,6.8,25.9,1025.7,
2022-10-04,10.7,6.7,16.7,0,0,93,4.5,14.8,1024,
2022-10-05,14.3,8.9,21.5,0,0,200,4.1,18.5,1023.7,
2022-10-06,15,11.4,19.6,0,0,242,4.2,14.8,1029.2,
2022-10-07,14.3,11.3,18.7,0,0,153,4.2,14.8,1025.1,
2022-10-08,13.3,11,15.7,0.4,0,235,3.6,14.8,1021.9,
2022-10-09,10.7,8.3,12.2,0,0,46,7.4,24.1,1021.6,
2022-10-10,13.9,10.6,19.7,0,0,184,3.7,16.7,1019.3,
2022-10-11,14.1,11,18.1,0,0,60,4.8,20.4,1022.5,
2022-10-12,12.7,10.4,14.4,0,0,43,4.4,16.7,1023.2,
2022-10-13,13.2,10.9,16.5,4.2,0,203,3.9,18.5,1021.7,
2022-10-14,12.9,11.1,14.8,8.4,0,194,6.2,27.8,1017.8,
2022-10-15,15.2,12.7,19.1,0,0,220,11.2,53.7,1013.8,
2022-10-16,16.2,12.5,22.8,0,0,134,3.1,14.8,1018.4,
2022-10-17,16,10.9,21.6,0,0,140,2.4,11.1,1025.2,
2022-10-18,16.1,12.2,21.5,0,0,206,3.6,16.7,1027.6,
2022-10-19,13.7,11.4,17.7,0,0,55,6.6,20.4,1024,
2022-10-20,14.1,11.7,16.8,1.2,0,39,5.4,18.5,1018,
2022-10-21,13.7,12.8,15,15.3,0,103,3.8,14.8,1015.1,
2022-10-22,14.2,11.1,18.9,0.3,0,180,5,18.5,1017.2,
2022-10-23,13.4,9,17.9,3.1,0,88,4.3,16.7,1016,
2022-10-24,13,9.9,16.9,7,0,224,8.7,64.8,1016.5,
2022-10-25,13.2,10.3,17.6,2.1,0,176,4,13,1019.8,
2022-10-26,14.6,11.6,19.3,1,0,167,4.2,20.4,1021,
2022-10-27,14.1,10.2,20,0,0,133,3.1,11.1,1025.9,
2022-10-28,14.5,11,19.7,0,0,158,2.6,16.7,1026.1,
2022-10-29,15.2,11.5,20.9,0,0,125,2.7,9.3,1024.5,
2022-10-30,13.4,10.2,17.7,0,0,113,2.3,11.1,1022.2,
2022-10-31,11.8,8.5,16.3,0,0,110,2.5,13,1020.5,
2022-11-01,13.4,10.4,16.1,0,0,227,5.4,20.4,1021.1,
2022-11-02,11.3,7.3,14.6,0.3,0,208,3.8,16.7,1025.1,
2022-11-03,8.7,6.3,11.6,4.4,0,108,4.8,40.8,1015.5,
2022-11-04,8.5,6.3,10.6,1.3,0,232,8.6,40.8,1010.2,
2022-11-05,6.2,4,8.2,8.1,0,250,6.6,22.2,1020.4,
2022-11-06,4.9,1.5,9.1,0,0,124,4.1,14.8,1019,
2022-11-07,9.9,6.3,14.8,0,0,194,5.9,20.4,1018.9,
2022-11-08,9.2,4.7,15.2,0.5,0,147,3.7,11.1,1016.6,
2022-11-09,9.9,8,11.4,8.6,0,208,4.3,16.7,1017.1,
2022-11-10,8.9,6,11.3,0.1,0,36,4.3,14.8,1027.6,
2022-11-11,8.3,6.6,10.9,0,0,74,3.3,13,1034.4,
2022-11-12,7,5.3,9.1,0,0,60,3.3,14.8,1033.2,
2022-11-13,5.3,4.7,6.1,0.4,0,54,4.5,14.8,1023.9,
2022-11-14,7.6,4.6,10.6,3.5,0,135,4.4,16.7,1017.9,
2022-11-15,7.6,5.4,10.7,3.2,0,84,3.9,16.7,1012.2,
2022-11-16,9.2,7.2,13.5,0.6,0,202,6.1,22.2,1005.2,
2022-11-17,9.5,7.6,13.5,21.1,0,222,10.7,46.3,999.9,
2022-11-18,6.8,5.3,8.2,4.2,0,237,14.1,44.5,1005.9,
2022-11-19,5.7,3.5,8.8,0,0,234,5.1,16.7,1012.1,
2022-11-20,5.5,3.6,7.8,3.6,0,236,10.8,48.2,1015.2,
2022-11-21,6.1,4.4,8.8,1.2,0,238,12.7,57.4,1007.2,
2022-11-22,5.7,4.8,7,0,0,233,11.4,35.2,1002.6,
2022-11-23,5.3,1.9,8,5.5,0,193,7.9,48.2,1006.4,
2022-11-24,6.8,3.6,10,2,0,211,11.6,46.3,1016.8,
2022-11-25,5.8,3.8,8.1,1,0,218,4,13,1021.1,
2022-11-26,5,1.3,8.1,0,0,97,3.6,13,1031.3,
2022-11-27,3,0.5,5.9,0,0,80,3.9,13,1026.8,
2022-11-28,6.7,3.8,9.2,0.2,0,191,4,18.5,1016.5,
2022-11-29,5.9,4.7,7,4.8,0,290,3.8,14.8,1017.9,
2022-11-30,3.8,2,4.8,0.1,0,36,6.7,25.9,1021.1,
2022-12-01,2.3,1.6,2.7,0,0,43,7.9,24.1,1022.7,
2022-12-02,2.1,-0.4,3.9,0,0,39,5.3,18.5,1019.6,
2022-12-03,0.7,0.1,1.4,0,0,45,9.5,25.9,1016.2,
2022-12-04,0.7,-0.1,1.6,0.6,0,39,5.8,22.2,1014.3,
2022-12-05,3.3,1,5.3,0,0,193,5,16.7,1020.1,
2022-12-06,1.7,0.1,3.6,0,0,351,3.4,11.1,1020.2,
2022-12-07,1.6,0.4,2.6,0.1,0,335,3.5,11.1,1018.3,
2022-12-08,0.9,-0.2,3.8,0.7,0,33,4.1,14.8,1012,
2022-12-09,-0.1,-0.8,0.3,3.8,10,36,5.5,16.7,1004.9,
2022-12-10,-0.6,-2.5,0.3,7.5,10,317,5.1,16.7,1008.6,
2022-12-11,-4.4,-6.9,-2.2,0,80,25,4.6,13,1012.9,
2022-12-12,-5.9,-7.5,-4.4,0,70,51,6.2,22.2,1013.6,
2022-12-13,-6.1,-7.7,-4.3,0.9,70,48,8.2,22.2,1009.7,
2022-12-14,-0.3,-4.7,3.5,4.3,80,177,5.2,27.8,1003.2,
2022-12-15,1.2,-0.6,2.4,5.7,0,31,6.6,27.8,1004.4,
2022-12-16,-1.5,-3.1,-0.3,2.1,40,342,5.1,16.7,1011.4,
2022-12-17,-3.1,-4.6,-2.1,0,60,38,6.3,18.5,1025.6,
2022-12-18,-2.6,-3.6,-1.6,0,50,59,4.5,14.8,1031.3,
2022-12-19,1.4,-1.9,5,0,40,152,2.8,13,1029,
2022-12-20,6.1,2,10.9,2.2,0,182,2.8,13,1023,
2022-12-21,7.7,6.1,9.4,3.2,0,217,6.5,27.8,1018.6,
2022-12-22,9.6,7.5,11.9,2.1,0,230,22.8,77.8,1015,
2022-12-23,10.8,9.2,12.4,12.1,0,229,23.3,64.8,1012.9,
2022-12-24,7.8,6.5,10.8,3.4,0,214,10.3,59.3,1018.6,
2022-12-25,6.2,4.2,7.9,0,0,198,3.5,11.1,1019,
2022-12-26,7.9,4.5,11.3,16.4,0,230,11.7,48.2,1022.5,
2022-12-27,4.8,2.6,6.2,0.2,0,225,6.5,42.6,1030,
2022-12-28,4.8,2.3,8.7,0,0,206,6.3,25.9,1023.7,
2022-12-29,8.2,4.3,11.1,21.7,0,222,11.1,46.3,1016.9,
2022-12-30,5.9,3.4,11.6,3.3,0,197,8.2,40.8,1017.9,
2022-12-31,12.1,9.1,15.6,0,0,211,7.4,29.6,1021.2,
