	Unnamed: 0	Außenbezirk	Adresse	Räume	Preis	Datum	PLZ	Parkplätze	Landgrösse	Breitengrad	Längengrad
0	0	Abbotsford	68 Studley St	2		2016-09-03	3067	1	126	-37.8014	144.9958
1	1	Abbotsford	85 Turner St	2	1480000	2016-12-03	3067	1	202	-37.7996	144.9984
2	2	Abbotsford	25 Bloomburg St	2	1035000	2016-02-04	3067	0	156	-37.8079	144.9934
3	3	Abbotsford	18/659 Victoria St	3		2016-02-04	3067	1	0	-37.8114	145.0116
4	4	Abbotsford	5 Charles St	3	1465000	2017-03-04	3067	0	134	-37.8093	144.9944
5	5	Abbotsford	40 Federation La	3	850000	2017-03-04	3067	1	94	-37.7969	144.9969
6	6	Abbotsford	55a Park St	4	1600000	2016-06-04	3067	2	120	-37.8072	144.9941
7	7	Abbotsford	16 Maugie St	4		2016-08-06	3067	2	400	-37.7965	144.9965
8	8	Abbotsford	53 Turner St	2		2016-08-06	3067	2	201	-37.7995	144.9974
9	9	Abbotsford	99 Turner St	2		2016-08-06	3067	1	202	-37.7996	144.9989
10	10	Abbotsford	129 Charles St	2	941000	2016-05-07	3067	0	181	-37.8041	144.9953
11	11	Abbotsford	124 Yarra St	3	1876000	2016-05-07	3067	0	245	-37.8024	144.9993
12	12	Abbotsford	121/56 Nicholson St	2		2016-11-07	3067	1	4292	-37.8078	144.9965
13	13	Abbotsford	17 Raphael St	4		2016-11-07	3067	0	230	-37.8066	144.9936
14	14	Abbotsford	98 Charles St	2	1636000	2016-10-08	3067	2	256	-37.806	144.9954
15	15	Abbotsford	217 Langridge St	3	1000000	2016-10-08	3067				
16	16	Abbotsford	18a Mollison St	2	745000	2016-10-08	3067				
17	17	Abbotsford	6/241 Nicholson St	1	300000	2016-10-08	3067	1	0	-37.8008	144.9973
18	18	Abbotsford	10 Valiant St	2	1097000	2016-10-08	3067	2	220	-37.801	144.9989
19	19	Abbotsford	403/609 Victoria St	2	542000	2016-10-08	3067				
20	20	Abbotsford	2 Rich St	2		2016-12-10	3067	1	176	-37.7998	144.9972
21	21	Abbotsford	25/84 Trenerry Cr	2	760000	2016-12-10	3067				
22	22	Abbotsford	106/119 Turner St	1	481000	2016-12-10	3067				
23	23	Abbotsford	411/8 Grosvenor St	2	700000	2016-11-12	3067	1	0	-37.811	145.0067
24	24	Abbotsford	40 Nicholson St	3	1350000	2016-11-12	3067	2	214	-37.8085	144.9964
25	25	Abbotsford	123/56 Nicholson St	2	750000	2016-11-12	3067	1	0	-37.8078	144.9965
26	26	Abbotsford	22 Park St	4	1985000	2016-11-12	3067			-37.8084	144.9942
27	27	Abbotsford	13/84 Trenerry Cr	1	500000	2016-11-12	3067				
28	28	Abbotsford	45 William St	2	1172500	2016-08-13	3067	1	195	-37.8084	144.9973
29	29	Abbotsford	7/20 Abbotsford St	1	441000	2016-05-14	3067	1	0	-37.8016	144.9988
30	30	Abbotsford	16 William St	2	1310000	2016-10-15	3067	2	238	-37.809	144.9976
31	31	Abbotsford	16/11 Nicholson St	3		2016-04-16	3067	2	0	-37.8093	144.9959
32	32	Abbotsford	42 Henry St	3	1200000	2016-07-16	3067	1	113	-37.8056	144.993
33	33	Abbotsford	250 Langridge St	2	847000	2016-07-16	3067				
34	34	Abbotsford	16b Mollison St	2		2016-07-16	3067				
35	35	Abbotsford	78 Yarra St	3	1176500	2016-07-16	3067	1	138	-37.8021	144.9965
36	36	Abbotsford	196 Nicholson St	3	955000	2016-09-17	3067	0	183	-37.8022	144.9975
37	37	Abbotsford	42 Valiant St	2	890000	2016-09-17	3067	1	150	-37.8011	145.0004
38	38	Abbotsford	3/72 Charles St	4	1330000	2017-03-18	3067	2	780	-37.8073	144.9952
39	39	Abbotsford	1/1 Mayfield St	3		2017-03-18	3067	1	119	-37.8082	144.9999
40	40	Abbotsford	13/11 Nicholson St	3	900000	2017-03-18	3067	2	0	-37.8093	144.9959
41	41	Abbotsford	138/56 Nicholson St	3	1090000	2017-03-18	3067	2	4290	-37.8078	144.9965
42	42	Abbotsford	6/219 Nicholson St	2	500000	2016-06-18	3067	1	0	-37.8015	144.9972
43	43	Abbotsford	52a William St	2	1100000	2016-06-18	3067	1	124	-37.8079	144.9977
44	44	Abbotsford	49 Park St	2	1315000	2016-11-19	3067	0	147	-37.808	144.994
45	45	Abbotsford	65/80 Trenerry Cr	1	480000	2016-11-19	3067				
46	46	Abbotsford	119/52 Nicholson St	1	423500	2016-05-22	3067				
47	47	Abbotsford	8b Park St	4		2016-05-22	3067			-37.8092	144.9941
48	48	Abbotsford	5/20 Abbotsford St	1	426000	2016-08-22	3067	1	0	-37.8016	144.9988
49	49	Abbotsford	48 Abbotsford St	3	1447500	2016-08-22	3067	1	166	-37.8017	145.0001
50	50	Abbotsford	116/56 Nicholson St	1	457000	2016-08-22	3067	1	0	-37.8078	144.9965
51	51	Abbotsford	159 Park St	2	1135000	2016-08-22	3067	2	98	-37.8005	144.9952
52	52	Abbotsford	49/84 Trenerry Cr	2	700000	2016-04-23	3067				
53	53	Abbotsford	31 Turner St	4	1542000	2016-09-24	3067	1	0	-37.7994	144.9965
54	54	Abbotsford	17/1 Abbot St	3	962000	2017-02-25	3067			-37.7972	144.9969
55	55	Abbotsford	166 Gipps St	3	1290000	2017-02-25	3067	2	147	-37.805	144.9943
56	56	Abbotsford	60 Stafford St	3	1290000	2017-02-25	3067	1	168	-37.8007	144.9958
57	57	Abbotsford	11/205 Gipps St	1	470000	2016-07-26	3067	1	0	-37.8055	144.9961
58	58	Abbotsford	47 Studley St	2	1180000	2016-11-27	3067	0	162	-37.8016	144.9956
59	59	Abbotsford	45 Yarra St	3	1195000	2016-11-27	3067	1	120	-37.8022	144.9954
60	60	Abbotsford	4/328 Johnston St	2		2016-05-28	3067				
61	61	Abbotsford	200 Nicholson St	2	1012500	2016-05-28	3067	0	182	-37.8021	144.9976
62	62	Abbotsford	82/84 Trenerry Cr	2	970000	2016-05-28	3067				
63	63	Abbotsford	27 Charles St	2	1030000	2016-07-30	3067	1	172	-37.8086	144.9946
64	64	Abbotsford	22 Park St	4		2016-07-30	3067			-37.8084	144.9942
65	65	Abbotsford	40/80 Trenerry Cr	3	927000	2016-07-30	3067				
66	66	Airport West	154 Halsey Rd	3	840000	2016-09-03	3042	1	303	-37.718	144.878
67	67	Airport West	50 Bedford St	3	730000	2016-12-03	3042	1	0	-37.7203	144.8755
68	68	Airport West	50 Bedford St	3	770000	2017-03-04	3042	1	0	-37.7203	144.8755
69	69	Airport West	5 Harrington Rd	3		2017-03-04	3042	1	580	-37.7235	144.8736
70	70	Airport West	23 Hart St	2	603000	2017-03-04	3042	1	272	-37.7294	144.888
71	71	Airport West	1/80 Hawker St	3	700000	2017-03-04	3042	2	239	-37.7218	144.8837
72	72	Airport West	1/37 Hillside Gr	3	600000	2017-03-04	3042	1	290	-37.7273	144.8744
73	73	Airport West	2/49 McIntosh St	2	500000	2017-03-04	3042	1	168	-37.7215	144.8864
74	74	Airport West	4/9 West Ct	2	420000	2016-06-04	3042				
75	75	Airport West	1/36 York St	3	500000	2016-06-04	3042				
76	76	Airport West	33 Bowes Av	5	1035000	2016-08-06	3042				
77	77	Airport West	89 Bowes Av	4	960000	2016-08-06	3042				
78	78	Airport West	45 Laurence Av	4	960000	2016-08-06	3042				
79	79	Airport West	54 Marshall Rd	3	720000	2016-08-06	3042	1	620	-37.7173	144.8872
80	80	Airport West	36 Roberts Rd	4	785000	2016-08-06	3042	2	597	-37.7259	144.8792
81	81	Airport West	11 Harrington Rd	6	725000	2016-05-07	3042	2	976	-37.7239	144.8735
82	82	Airport West	2/252 Parer Rd	2	450000	2016-05-07	3042	1	110	-37.7216	144.871
83	83	Airport West	3/19 Hart St	2	515000	2016-11-07	3042	1	141	-37.7298	144.8883
84	84	Airport West	81a Roberts Rd	3	680000	2016-10-08	3042				
85	85	Airport West	2/62 Clydesdale Rd	2	530000	2016-09-10	3042	1	120	-37.7234	144.8792
86	86	Airport West	3 Deidre Ct	3	895000	2016-09-10	3042	6	1063	-37.7249	144.8728
87	87	Airport West	3/24 Elstone Av	3	600000	2016-09-10	3042				
88	88	Airport West	13 Etzel St	3	805000	2016-12-10	3042	1	0	-37.7217	144.8783
89	89	Airport West	37a North St	3	760000	2016-12-10	3042				
90	90	Airport West	1/43 Cameron St	3	752000	2017-02-11	3042	1	265	-37.7302	144.8855
91	91	Airport West	1/69 Bowes Av	3	580000	2016-11-12	3042				
92	92	Airport West	2/9 El Reno Cr	3	725000	2016-11-12	3042				
93	93	Airport West	92 McNamara Av	4	758000	2016-08-13	3042				
94	94	Airport West	145a Victory Rd	2	440000	2016-08-13	3042	1	192	-37.7177	144.8787
95	95	Airport West	20 Creswell Av	3	970000	2016-05-14	3042				
96	96	Airport West	241 Parer Rd	5	755000	2016-05-14	3042	2	596	-37.7248	144.8699
97	97	Airport West	71 Bowes Av	4	985000	2016-10-15	3042				
98	98	Airport West	2/40 Earl St	3	700000	2016-10-15	3042	2	165	-37.727	144.887
99	99	Airport West	2/112 Parer Rd	2	509500	2016-10-15	3042				
100	100	Airport West	180 Parer Rd	3	830000	2016-04-16	3042	2	971	-37.7186	144.876
101	101	Airport West	4/54 Hawker St	2	462500	2016-07-16	3042	1	164	-37.7218	144.8863
102	102	Airport West	43 Hillside Gr	3	670000	2016-07-16	3042	2	657	-37.7269	144.8742
103	103	Airport West	174 Parer Rd	2	675000	2016-07-16	3042	1	612	-37.7187	144.8765
104	104	Airport West	138 Victory Rd	3	1042000	2016-07-16	3042	5	612	-37.7173	144.8796
105	105	Airport West	75 King St	3	910000	2016-09-17	3042	1	775	-37.7231	144.8835
106	106	Airport West	6 Kittyhawk St	4	773000	2016-09-17	3042	4	531	-37.7263	144.8679
107	107	Airport West	7 McNamara Av	3	715000	2016-09-17	3042				
108	108	Airport West	478 Fullarton Rd	3	810000	2017-03-18	3042	2	555	-37.7285	144.8694
109	109	Airport West	144 Marshall Rd	3	715000	2017-03-18	3042	2	422	-37.7164	144.8792
110	110	Airport West	106 Parer Rd	3	790000	2017-03-18	3042	3	614	-37.7194	144.8827
111	111	Airport West	1/41 Hillside Gr	2	460000	2016-06-18	3042				
112	112	Airport West	3/7 South Rd	3	540000	2016-06-18	3042	1	161	-37.7231	144.8802
113	113	Airport West	37 North St	3	825000	2016-11-19	3042	1	293	-37.72	144.8776
114	114	Airport West	10 Hilbert Rd	3	685000	2016-05-22	3042	1	579	-37.7226	144.8733
115	115	Airport West	7/42 York St	3	445000	2016-05-22	3042				
116	116	Airport West	110 Halsey Rd	3	805000	2016-08-22	3042	1	623	-37.7184	144.882
117	117	Airport West	2/13 North St	2	510000	2016-08-22	3042	1	141	-37.7202	144.8797
118	118	Airport West	105a Victory Rd	3	612000	2016-08-22	3042	1	212	-37.7181	144.8824
119	119	Airport West	117 Marshall Rd	3	662000	2016-04-23	3042	2	612	-37.7169	144.8815
120	120	Airport West	34 Moorna Dr	4	978000	2016-09-24	3042	2	532	-37.7263	144.869
121	121	Airport West	2/89 Marshall Rd	3		2017-02-25	3042				
122	122	Airport West	33 North St	3	720000	2017-02-25	3042	1	585	-37.72	144.878
123	123	Airport West	4/40 McNamara Av	2	474000	2016-07-26	3042				
124	124	Airport West	5/93 McNamara Av	2	490000	2016-07-26	3042				
125	125	Airport West	2/137 McNamara Av	3	405000	2016-06-27	3042				
126	126	Airport West	1/46 Bowes Av	3	715000	2016-11-27	3042				
127	127	Airport West	1/34 Elstone Av	3	671500	2016-11-27	3042				
128	128	Airport West	49 Roberts Rd	4	765000	2016-11-27	3042	2	509	-37.7261	144.8785
129	129	Airport West	85 Roberts Rd	4	900000	2016-11-27	3042	3	628	-37.7256	144.8739
130	130	Airport West	22a Walters Av	3	820000	2016-08-28	3042				
131	131	Airport West	1/145 Parer Rd	3	650000	2016-07-30	3042				
132	132	Airport West	3/35 Walters Av	3	552000	2016-07-30	3042				
133	133	Albert Park	105 Kerferd Rd	2	1275000	2016-09-03	3206	0	120	-37.8459	144.9555
134	134	Albert Park	85 Richardson St	2	1455000	2016-09-03	3206	0	159	-37.845	144.9538
135	135	Albert Park	112 Beaconsfield Pde	3	2850000	2017-03-04	3206	0	211	-37.8481	144.9499
136	136	Albert Park	94 Graham St	3	1850000	2017-03-04	3206	0	128	-37.8452	144.9488
137	137	Albert Park	14 Merton St	2		2017-03-04	3206	0	215	-37.8405	144.953
138	138	Albert Park	396 Montague St	2	1436000	2017-03-04	3206	0	130	-37.8431	144.9565
139	139	Albert Park	9 Boyd St	3		2016-08-06	3206	1	336	-37.8471	144.9561
140	140	Albert Park	75 Graham St	2	1110000	2016-08-06	3206	0	147	-37.8444	144.9484
141	141	Albert Park	54 Brooke St	2	1550000	2016-05-07	3206	1	167	-37.8405	144.9521
142	142	Albert Park	104 Richardson St	4	2300000	2016-05-07	3206	1	153	-37.8447	144.9523
143	143	Albert Park	81 Richardson St	3		2016-05-07	3206	2	316	-37.8449	144.9536
144	144	Albert Park	4a Mills St	3	1550000	2016-11-07	3206	2	718	-37.8443	144.9598
145	145	Albert Park	1 Moubray St	3	1800000	2016-11-07	3206	1	132	-37.8415	144.952
146	146	Albert Park	114 Victoria Av	3	2485000	2016-10-08	3206				
147	147	Albert Park	29 Faussett St	2	2120000	2016-09-10	3206	1	199	-37.8422	144.9554
148	148	Albert Park	3 Herbert St	3	1800000	2016-09-10	3206	1	253	-37.8443	144.9579
149	149	Albert Park	24 Kerferd Pl	3	1800000	2016-09-10	3206	1	90	-37.8421	144.9571
150	150	Albert Park	5 Withers St	3		2016-09-10	3206	0	126	-37.8427	144.9515
151	151	Albert Park	44 Draper St	2	1810000	2016-12-10	3206	0	240	-37.8379	144.9539
152	152	Albert Park	2 Dundas Pl	3	2615000	2016-12-10	3206	1	177	-37.8415	144.9585
153	153	Albert Park	23 Finlay St	5	2100000	2016-12-10	3206	1	237	-37.8436	144.9557
154	154	Albert Park	31 Richardson St	3	1300000	2016-12-10	3206	0	129	-37.8422	144.949
155	155	Albert Park	4a Gatehouse La	3	1370000	2016-06-12	3206	2	0	-37.8451	144.9511
156	156	Albert Park	60 Brooke St	2	1000000	2016-11-12	3206	0	288	-37.8407	144.9523
157	157	Albert Park	140 Danks St	2		2016-08-13	3206	2	366	-37.847	144.9506
158	158	Albert Park	70 Barrett St	3	2575000	2016-10-15	3206	1	228	-37.8445	144.9501
159	159	Albert Park	65 Graham St	2	1322500	2016-10-15	3206	0	149	-37.8443	144.9481
160	160	Albert Park	1 Herbert Pl	2		2016-10-15	3206	1	152	-37.8437	144.959
161	161	Albert Park	364 Montague St	2	1562500	2016-10-15	3206	0	141	-37.8424	144.9562
162	162	Albert Park	86 Mills St	3	2000000	2016-04-16	3206	1	211	-37.847	144.9575
163	163	Albert Park	28 Dinsdale St	4		2016-09-17	3206	0	236	-37.8454	144.9521
164	164	Albert Park	90 Danks St	3		2017-03-18	3206	2	300	-37.8457	144.9479
165	165	Albert Park	129 Kerferd Rd	3	1900000	2017-03-18	3206	0	209	-37.8468	144.9546
166	166	Albert Park	97 Page St	3	3010000	2017-03-18	3206	0	147	-37.8473	144.9551
167	167	Albert Park	36 Ashworth St	3		2016-06-18	3206	0	173	-37.8482	144.9513
168	168	Albert Park	55 Withers St	4	2800000	2016-06-18	3206	1	327	-37.8467	144.9475
169	169	Albert Park	18 Herbert St	3		2016-11-19	3206	0	169	-37.8448	144.9578
170	170	Albert Park	10/140 Kerferd Rd	2	647000	2016-05-22	3206	1	0	-37.846	144.9542
171	171	Albert Park	9 Merton Pl	3		2016-05-22	3206	1	122	-37.845	144.9545
172	172	Albert Park	55 Merton St	3	2100000	2016-04-23	3206	1	120	-37.8427	144.9546
173	173	Albert Park	16 Dinsdale St	3		2016-09-24	3206	1	241	-37.8452	144.9518
174	174	Albert Park	51 Graham St	2		2016-09-24	3206	1	225	-37.8441	144.9479
175	175	Albert Park	143 Kerferd Rd	7		2016-09-24	3206	0	435	-37.8473	144.9539
176	176	Albert Park	49 Page St	3	2000000	2016-09-24	3206	1	238	-37.8461	144.9528
177	177	Albert Park	13/52 Moubray St	1	442500	2017-02-25	3206	0	0	-37.8421	144.9517
178	178	Albert Park	115 Page St	4	4735000	2017-02-25	3206	1	330	-37.8477	144.9558
179	179	Albert Park	32 Page St	2	1340000	2017-02-25	3206	0	136	-37.846	144.9517
180	180	Albert Park	34 Richardson St	3	1801000	2017-02-25	3206	1	202	-37.8429	144.9493
181	181	Albert Park	2b Dundas Pl	3	1532000	2016-07-26	3206	1	0	-37.8415	144.9585
182	182	Albert Park	22 Greig St	3	3755000	2016-07-26	3206	2	325	-37.8413	144.95
183	183	Albert Park	27 Barrett St	4	2140000	2016-06-27	3206	1	183	-37.8434	144.9495
184	184	Albert Park	3 Faussett St	2	1810000	2016-06-27	3206				
185	185	Albert Park	44 Greig St	2	1750000	2016-11-27	3206	1	162	-37.8416	144.9488
186	186	Albert Park	6 Brooke St	2	980000	2016-05-28	3206	0	79	-37.8387	144.9519
187	187	Albert Park	7 Herbert Pl	2		2016-05-28	3206	0	99	-37.8438	144.9588
188	188	Albert Park	8 Kerferd Pl	4		2016-05-28	3206	0	230	-37.842	144.958
189	189	Albert Park	5 Reed St	3		2016-05-28	3206	1	141	-37.8446	144.945
190	190	Albert Park	227a Danks St	3	2030000	2016-08-28	3206	0	152	-37.8488	144.9551
191	191	Albert Park	17 Reed St	3	1740000	2016-08-28	3206	2	147	-37.8448	144.9453
192	192	Albert Park	74 Bridport St	3	2800000	2016-07-30	3206	1	0	-37.8399	144.9577
193	193	Albert Park	9 Durham St	1	985000	2016-07-30	3206	0	81	-37.8411	144.9497
194	194	Alphington	30 Austin St	3		2016-09-03	3078	1	174	-37.7818	145.0198
195	195	Alphington	6 Smith St	4	2000000	2016-09-03	3078	4	853	-37.7707	145.0318
196	196	Alphington	5/6 Yarralea St	3	1110000	2016-09-03	3078	2	208	-37.7854	145.0325
197	197	Alphington	136A Fulham Rd	3	1492000	2017-03-04	3078	2	411	-37.7713	145.0279
198	198	Alphington	1/9 Roemer Cr	2	480000	2016-05-07	3078				
199	199	Alphington	4 Tuckett St	3		2016-05-07	3078	3	922	-37.7812	145.0235
200	200	Alphington	2/21 Fulham Rd	3	1304000	2016-10-08	3078				
201	201	Alphington	44 Shiers St	4	1717500	2016-10-08	3078	1	599	-37.7717	145.031
202	202	Alphington	83 Fulham Rd	5	2840000	2016-06-12	3078	4	809	-37.775	145.0268
203	203	Alphington	29 Alphington St	5		2016-11-12	3078	4	743	-37.7845	145.0208
204	204	Alphington	3/19 Harker St	2	525500	2016-11-12	3078	1	88	-37.7791	145.0306
205	205	Alphington	4/2 Miller St	2	805000	2016-11-12	3078	3	155	-37.7804	145.0308
206	206	Alphington	2/5 Yarana Rd	2	465000	2016-11-12	3078	1	0	-37.7773	145.0314
207	207	Alphington	4/5 Chandler Hwy	4		2016-08-13	3078				
208	208	Alphington	69 Lucerne Cr	3	1480000	2016-08-13	3078				
209	209	Alphington	815 Heidelberg Rd	3	2000000	2016-10-15	3078	2	686	-37.78	145.0341
210	210	Alphington	44 Naroon Rd	3	1540000	2016-04-16	3078	2	592	-37.7755	145.0288
211	211	Alphington	11 Tower Av	4		2016-04-16	3078				
212	212	Alphington	1/17 Rex Av	2	590000	2016-09-17	3078				
213	213	Alphington	3/98 Grange Rd	2	820000	2017-03-18	3078	1	183	-37.7747	145.0264
214	214	Alphington	10 Bennett St	4	1830000	2016-11-19	3078	2	606	-37.7743	145.0316
215	215	Alphington	38 Bennett St	4	2100000	2016-11-19	3078	2	575	-37.7723	145.0319
216	216	Alphington	2c Hamilton St	3	865000	2016-05-22	3078	1	180	-37.7802	145.0243
217	217	Alphington	5/5 Yarana Rd	2	390000	2016-05-22	3078	1	0	-37.7773	145.0314
218	218	Alphington	7/7 Chandler Hwy	2	650000	2016-09-24	3078	0	0	-37.7848	145.025
219	219	Alphington	1/14 Fulham Rd	2	512000	2017-02-25	3078	1	0	-37.7805	145.0262
220	220	Alphington	17 Lowther St	3	1361000	2017-02-25	3078			-37.7796	145.0285
221	221	Alphington	29 Naroon Rd	4		2017-02-25	3078	2	597	-37.7765	145.0283
222	222	Alphington	13a Fulham Rd	3	1310000	2016-07-26	3078				
223	223	Alphington	32/23 Coate Av	3	570000	2016-06-27	3078				
224	224	Alphington	22 Lowther St	3	1165000	2016-06-27	3078	2	979	-37.7792	145.029
225	225	Alphington	6/11 Broomfield Av	2	530000	2016-11-27	3078				
226	226	Alphington	11 Margaret Gr	4	1900000	2016-11-27	3078	2	556	-37.7844	145.0225
227	227	Alphington	21 Como St	5		2016-08-28	3078	2	552	-37.7829	145.0337
228	228	Alphington	6 Naroon Rd	3	1485000	2016-08-28	3078	0	597	-37.7781	145.0284
229	229	Alphington	42 Shiers St	4	1950000	2016-07-30	3078	3	589	-37.7719	145.0309
230	230	Altona	158 Queen St	3	520000	2016-09-03	3018	1	352	-37.87	144.825
231	231	Altona	59 Bracken Gr	5	1525000	2016-12-03	3018	3	729	-37.8721	144.8105
232	232	Altona	1/123 Blyth St	2	720000	2016-02-04	3018	2	292	-37.8687	144.8197
233	233	Altona	4 Blyth St	3	1120000	2017-03-04	3018	2	506	-37.8693	144.8375
234	234	Altona	20 Linnet St	4	780000	2016-06-04	3018	4	655	-37.868	144.8154
235	235	Altona	29 Rose St	4	1780000	2016-06-04	3018	6	1057	-37.8681	144.819
236	236	Altona	1/170 Blyth St	3	630000	2016-08-06	3018	2	311	-37.8702	144.8143
237	237	Altona	5/35 Grieve Pde	2	406000	2016-08-06	3018	1	65	-37.8693	144.8171
238	238	Altona	156 Maidstone St	3	660000	2016-05-07	3018	1	602	-37.8616	144.8116
239	239	Altona	11 Keeshan Ct	3	683500	2016-11-07	3018	1	530	-37.8594	144.817
240	240	Altona	1/4 Deavey Ct	2	540000	2016-10-08	3018				
241	241	Altona	1/136 Queen St	2	580000	2016-10-08	3018	1	225	-37.8696	144.827
242	242	Altona	173 Queen St	3	1335000	2016-10-08	3018	4	777	-37.8697	144.8249
243	243	Altona	1/265 Queen St	3	800000	2016-10-08	3018	2	280	-37.8734	144.8143
244	244	Altona	3/26 Grieve Pde	2	510000	2016-09-10	3018	1	127	-37.8686	144.8182
245	245	Altona	261 Queen St	4	1070000	2016-09-10	3018	2	695	-37.8733	144.8147
246	246	Altona	4/5 Rose St	2	425000	2016-09-10	3018	2	115	-37.871	144.8185
247	247	Altona	1/60 David St	3	605000	2016-12-10	3018	2	230	-37.8646	144.827
248	248	Altona	1A Merritt Ct	3	705000	2017-02-11	3018	2	197	-37.8579	144.8181
249	249	Altona	4/31 Millers Rd	2	391000	2017-02-11	3018	1	0	-37.8678	144.8384
250	250	Altona	111/112 Pier St	2	440000	2017-02-11	3018	1	0	-37.8659	144.831
251	251	Altona	24 Wren St	4	845000	2017-02-11	3018	2	745	-37.8658	144.8155
252	252	Altona	54 Seves St	3	766000	2017-03-11	3018				
253	253	Altona	1/152 Blyth St	3	743000	2016-11-12	3018	2	211	-37.8698	144.816
254	254	Altona	2/6 Galvin St	3	650000	2016-11-12	3018				
255	255	Altona	4/57 Blyth St	3	730000	2016-08-13	3018	1	69	-37.868	144.8286
256	256	Altona	10 Wilga Av	3	916500	2016-08-13	3018				
257	257	Altona	164 Maidstone St	3	635000	2016-05-14	3018	4	625	-37.8611	144.8114
258	258	Altona	3/25 Rayner St	2	620000	2016-05-14	3018	1	168	-37.8676	144.8202
259	259	Altona	3/46 Sargood St	2	447000	2016-10-15	3018	1	137	-37.8655	144.8299
260	260	Altona	1/57 Blyth St	3	730000	2016-04-16	3018	1	70	-37.868	144.8287
261	261	Altona	22 Fenfield St	3	678000	2016-04-16	3018	2	606	-37.8608	144.8124
262	262	Altona	5/8 David St	2	580000	2016-07-16	3018	1	175	-37.8687	144.8268
263	263	Altona	1/28 Seves St	3	712000	2016-09-17	3018	2	363	-37.8674	144.8375
264	264	Altona	27 McIntyre Dr	3	840000	2017-03-18	3018	2	534	-37.86	144.8245
265	265	Altona	4 Boyd St	3	980000	2016-11-19	3018	2	724	-37.8672	144.817
266	266	Altona	5a Emu Av	4	1000000	2016-11-19	3018				
267	267	Altona	12 Spear Ct	3	605100	2016-05-22	3018	0	265	-37.8583	144.8172
268	268	Altona	185 Queen St	3	880000	2016-08-22	3018	1	577	-37.8699	144.8235
269	269	Altona	3/20 Mulga St	3	577000	2016-04-23	3018	1	205	-37.8684	144.815
270	270	Altona	95 Blyth St	4		2017-02-25	3018	3	504	-37.8677	144.8252
271	271	Altona	51 Millers Rd	4	1030000	2017-02-25	3018	0	797	-37.8663	144.8387
272	272	Altona	2/119 Railway St N	3	605000	2017-02-25	3018	2	181	-37.8659	144.822
273	273	Altona	12 Ransom Av	3	685000	2017-02-25	3018				
274	274	Altona	2/5 Rose St	2		2017-02-25	3018	1	117	-37.871	144.8185
275	275	Altona	24 McIntyre Dr	3	753000	2016-06-27	3018	2	529	-37.8612	144.8247
276	276	Altona	104 Maidstone St	2	857000	2016-11-27	3018	1	675	-37.8653	144.8129
277	277	Altona	49 Bent St	3	1500000	2016-05-28	3018	1	929	-37.8651	144.832
278	278	Altona	5/57 Blyth St	3	730000	2016-05-28	3018	1	70	-37.868	144.8285
279	279	Altona	15 Kookaburra St	3	900000	2016-05-28	3018	4	697	-37.871	144.8075
280	280	Altona	219 Civic Pde	3	740000	2016-08-28	3018	2	604	-37.8631	144.8195
281	281	Altona	3 Curtin Ct	4	931000	2016-08-28	3018	3	532	-37.8637	144.8365
282	282	Altona	2/60 David St	2	535600	2016-07-30	3018	1	154	-37.8646	144.8272
283	283	Altona North	1 Beuron Rd	3		2016-09-03	3025	1	620	-37.829	144.848
284	284	Altona North	45 Hearn St	5	1085000	2016-09-03	3025	6	592	-37.8388	144.8567
285	285	Altona North	4 Knapp St	3	781000	2016-09-03	3025	2	533	-37.8291	144.835
286	286	Altona North	103 Sixth Av	4	857500	2016-09-03	3025				
287	287	Altona North	80A Hansen St	4	960000	2017-03-04	3025				
288	288	Altona North	21 Hatherley Gr	3	750000	2017-03-04	3025	3	554	-37.8449	144.85
289	289	Altona North	3/66 Marion St	2	421000	2017-03-04	3025	1	77	-37.8351	144.8529
290	290	Altona North	153 Mills St	3	1405000	2017-03-04	3025	3	655	-37.8338	144.8562
291	291	Altona North	1/70 Misten Av	2		2017-03-04	3025				
292	292	Altona North	33 Carthy St	3	683000	2016-06-04	3025	2	534	-37.8284	144.8355
293	293	Altona North	47 Ginifer Av	3		2016-06-04	3025				
294	294	Altona North	16 Harris St	3	623000	2016-06-04	3025	3	540	-37.8267	144.8368
295	295	Altona North	1/5 Little St	3	720000	2016-08-06	3025	1	0	-37.8379	144.8583
296	296	Altona North	58a Clematis Av	4	780000	2016-05-07	3025				
297	297	Altona North	1/77 Hansen St	3	720000	2016-05-07	3025				
298	298	Altona North	21 Joel Av	3	705000	2016-05-07	3025				
299	299	Altona North	1/95 Mills St	3	588000	2016-05-07	3025	1	328	-37.838	144.8555
300	300	Altona North	2/5 Stapley Cr	4	720000	2016-05-07	3025				
301	301	Altona North	5 Binns St	3	710000	2016-11-07	3025	3	540	-37.8294	144.8378
302	302	Altona North	2/9 First Av	2	550000	2016-11-07	3025				
303	303	Altona North	1/28 Irwin Av	3	640000	2016-11-07	3025				
304	304	Altona North	3/49 Misten Av	3	537500	2016-11-07	3025				
305	305	Altona North	29a The Broadway	4		2016-11-07	3025				
306	306	Altona North	25 Allan St	4	875000	2016-10-08	3025	4	559	-37.8448	144.8529
307	307	Altona North	9 Fourth Av	3	800000	2016-10-08	3025				
308	308	Altona North	11a Edward Av	3	713500	2016-09-10	3025				
309	309	Altona North	45 Freemans Rd	4		2016-12-10	3025	5	537	-37.8261	144.8391
310	310	Altona North	21 Hatherley Gr	3	700000	2016-12-10	3025	3	554	-37.8449	144.85
311	311	Altona North	1B Paproth Gr	2	551000	2016-12-10	3025				
312	312	Altona North	7 Seventh Av	3	685000	2016-12-10	3025				
313	313	Altona North	1/256 Mason St	2	640000	2017-03-11	3025	1	252	-37.8397	144.8602
314	314	Altona North	21 Allan St	4	650000	2016-06-12	3025	4	558	-37.8451	144.8529
315	315	Altona North	56a First Av	3	925000	2016-11-12	3025				
316	316	Altona North	63a First Av	3		2016-08-13	3025				
317	317	Altona North	59 Misten Av	2		2016-08-13	3025				
318	318	Altona North	85a First Av	3	670000	2016-05-14	3025				
319	319	Altona North	22 Joel Av	3	680000	2016-05-14	3025				
320	320	Altona North	11 Mahon Av	3	765000	2016-05-14	3025				
321	321	Altona North	2/36 May St	3	675000	2016-05-14	3025	2	171	-37.8337	144.8554
322	322	Altona North	11 Beevers St	3	708000	2016-10-15	3025	2	585	-37.8258	144.8523
323	323	Altona North	2/10 Cleghorn Av	3	656000	2016-10-15	3025				
324	324	Altona North	2 Edward Av	4	883000	2016-10-15	3025				
325	325	Altona North	10 Murphy St	4	965000	2016-10-15	3025	4	851	-37.8345	144.8444
326	326	Altona North	128 Second Av	3	870000	2016-10-15	3025				
327	327	Altona North	5/24 Valerian Av	3	681000	2016-10-15	3025				
328	328	Altona North	2/31 Cooper Av	2	522500	2016-07-16	3025				
329	329	Altona North	9 Begonia Av	5	972000	2016-09-17	3025				
330	330	Altona North	1/36 Amaranth Av	3	590000	2016-06-18	3025				
331	331	Altona North	3/36 Amaranth Av	2	450000	2016-06-18	3025				
332	332	Altona North	61 Cooper Av	3	765000	2016-06-18	3025				
333	333	Altona North	10 Freemans St	3	750000	2016-06-18	3025				
334	334	Altona North	16 Beevers St	3	680000	2016-11-19	3025	3	551	-37.8254	144.8514
335	335	Altona North	4/63 Marion St	1		2016-11-19	3025	1	0	-37.8355	144.853
336	336	Altona North	150A McIntosh Rd	2	510000	2016-11-19	3025				
337	337	Altona North	21 Neal Ct	3	770000	2016-11-19	3025	3	602	-37.8327	144.8451
338	338	Altona North	31 Duosa Rd	3	923000	2016-05-22	3025	2	740	-37.8269	144.8455
339	339	Altona North	252 Millers Rd	4	693000	2016-05-22	3025	4	315	-37.8391	144.8467
340	340	Altona North	1/156 Chambers Rd	3	620000	2016-08-22	3025	2	276	-37.8262	144.8443
341	341	Altona North	19 Cleghorn Av	3	800000	2016-08-22	3025				
342	342	Altona North	2 Gadsden St	3	728500	2016-08-22	3025	1	531	-37.8277	144.8385
343	343	Altona North	24 Hansen St	3	931000	2016-08-22	3025	1	590	-37.8382	144.8649
344	344	Altona North	4 Prismall St	3	988000	2016-08-22	3025	4	715	-37.8423	144.8632
345	345	Altona North	1/21 Freemans Rd	3	590000	2016-04-23	3025				
346	346	Altona North	122 McIntosh Rd	3	590000	2016-04-23	3025	2	561	-37.8444	144.8491
347	347	Altona North	35 May St	2	610000	2016-09-24	3025	2	691	-37.834	144.8553
348	348	Altona North	29 Cyclamen Av	2		2017-02-25	3025				
349	349	Altona North	6 Hill St	3	815000	2017-02-25	3025	3	555	-37.8318	144.8388
350	350	Altona North	84 May St	4	970000	2017-02-25	3025	2	708	-37.833	144.8494
351	351	Altona North	81 Fifth Av	4	840000	2016-07-26	3025				
352	352	Altona North	23 Huxtable Av	3	840000	2016-07-26	3025				
353	353	Altona North	155 Chambers Rd	4	760000	2016-06-27	3025	3	668	-37.8262	144.8439
354	354	Altona North	61a First Av	3	852500	2016-06-27	3025				
355	355	Altona North	268d Mason St	4	847500	2016-06-27	3025	1	252	-37.8393	144.8568
356	356	Altona North	5 Cresser St	4	1200000	2016-11-27	3025	4	633	-37.8375	144.8541
357	357	Altona North	1/33 Fifth Av	3	630000	2016-11-27	3025				
358	358	Altona North	1/8 Fourth Av	3		2016-11-27	3025				
359	359	Altona North	107 McIntosh Rd	3	700000	2016-11-27	3025	1	557	-37.8441	144.8505
360	360	Altona North	10 Knapp St	3	625000	2016-05-28	3025	1	536	-37.8285	144.8351
361	361	Altona North	4/221 Blackshaws Rd	2	292000	2016-08-28	3025	1	153	-37.8332	144.8649
362	362	Altona North	56a MacDonald Av	3	640000	2016-08-28	3025				
363	363	Altona North	126 Sixth Av	3	800000	2016-07-30	3025				
364	364	Armadale	24 Hume St	3		2016-09-03	3143	1	305	-37.8573	145.0226
365	365	Armadale	8/19 Mercer Rd	2	599000	2016-09-03	3143	1	0	-37.8543	145.0262
366	366	Armadale	1/42 Adelaide St	2	550000	2016-12-03	3143	0	861	-37.8539	145.0284
367	367	Armadale	14/71 Denbigh Rd	3	995000	2016-12-03	3143	2	0	-37.8552	145.016
368	368	Armadale	4/769 High St	3	1205000	2016-12-03	3143	2	101	-37.854	145.0135
369	369	Armadale	12 Huntingtower Rd	3		2016-12-03	3143	2	588	-37.8546	145.0245
370	370	Armadale	28 Lambeth Av	3	2675000	2016-12-03	3143				
371	371	Armadale	7 Llaneast St	3	1939000	2016-12-03	3143	2	296	-37.8614	145.0274
372	372	Armadale	9/55 Northcote Rd	1	421500	2016-12-03	3143	0	0	-37.853	145.0167
373	373	Armadale	1/7 Railway Av	2	585000	2016-12-03	3143				
374	374	Armadale	65 Barkly Av	3	2050000	2017-03-04	3143				
375	375	Armadale	28 Cambridge St	3	1870000	2017-03-04	3143	1	217	-37.8592	145.0182
376	376	Armadale	6 Cambridge St	4		2017-03-04	3143	1	211	-37.859	145.0172
377	377	Armadale	3/16 Fulton St	2	678000	2017-03-04	3143	2	0	-37.8538	145.0127
378	378	Armadale	6 Fulton St	2		2017-03-04	3143	1	183	-37.8538	145.0123
379	379	Armadale	21 Lambeth Av	3		2017-03-04	3143				
380	380	Armadale	3/20 Mercer Rd	3	1918000	2017-03-04	3143	2	0	-37.8537	145.0267
381	381	Armadale	7/53 Wattletree Rd	1		2017-03-04	3143	0	881	-37.8614	145.0222
382	382	Armadale	1/77 Wattletree Rd	2	660000	2017-03-04	3143	1	0	-37.8619	145.0257
383	383	Armadale	12 Willis St	3	2050000	2017-03-04	3143	1	205	-37.8574	145.0281
384	384	Armadale	12 Alleyne Av	4		2016-06-04	3143				
385	385	Armadale	3/10 Denbigh Rd	2		2016-06-04	3143	1	0	-37.8596	145.0156
386	386	Armadale	8/71 Denbigh Rd	2	700000	2016-06-04	3143	2	0	-37.8552	145.016
387	387	Armadale	11/17 Myamyn St	2	3625000	2016-06-04	3143	2	0	-37.8555	145.0291
388	388	Armadale	526 Orrong Rd	4	3000000	2016-06-04	3143	2	1581	-37.858	145.0111
389	389	Armadale	37 Barkly Av	2	1930000	2016-08-06	3143				
390	390	Armadale	553 Dandenong Rd	5	1525000	2016-05-07	3143	2	693	-37.8638	145.0229
391	391	Armadale	17 Egerton Rd	4		2016-05-07	3143	2	500	-37.8623	145.0223
392	392	Armadale	9/19 Mercer Rd	3	735000	2016-05-07	3143	1	2113	-37.8543	145.0262
393	393	Armadale	6/26 Mercer Rd	2	825000	2016-05-07	3143	1	0	-37.8528	145.0268
394	394	Armadale	538a Orrong Rd	3	1586000	2016-05-07	3143	2	246	-37.8566	145.0116
395	395	Armadale	557 Orrong Rd	4		2016-05-07	3143	2	369	-37.8548	145.0113
396	396	Armadale	5/68 Rose St	3		2016-05-07	3143	1	175	-37.8515	145.02
397	397	Armadale	11/38 Wattletree Rd	2		2016-05-07	3143	1	0	-37.8613	145.0184
398	398	Armadale	24 Lambeth Av	5		2016-11-07	3143				
399	399	Armadale	18/41 Kooyong Rd	2	645000	2016-10-08	3143	1	0	-37.8596	145.0198
400	400	Armadale	10 William St	1	1435000	2016-10-08	3143	1	144	-37.8564	145.0228
401	401	Armadale	11 Adelaide St	4		2016-09-10	3143	2	662	-37.8549	145.0276
402	402	Armadale	15/405 Dandenong Rd	1	280000	2016-09-10	3143	1	0	-37.8619	145.0185
403	403	Armadale	1/2 Armadale St	1	400000	2016-12-10	3143	1	0	-37.8605	145.0185
404	404	Armadale	54 Denbigh Rd	4		2016-12-10	3143	2	551	-37.8566	145.0161
405	405	Armadale	4/20 Mercer Rd	2	1780000	2016-12-10	3143	2	0	-37.8537	145.0267
406	406	Armadale	47 Northcote Rd	3		2016-12-10	3143	0	246	-37.8533	145.0169
407	407	Armadale	8/58 Sutherland Rd	2	592500	2016-12-10	3143	1	0	-37.8574	145.0174
408	408	Armadale	6A Munro St	3		2016-11-12	3143	1	242	-37.8534	145.0185
409	409	Armadale	40 New St	2	1210000	2016-11-12	3143	0	249	-37.8543	145.016
410	410	Armadale	35 Northcote Rd	4	2801000	2016-11-12	3143	2	624	-37.8536	145.0173
411	411	Armadale	7/17 Myamyn St	3		2016-08-13	3143	3	0	-37.8555	145.0291
412	412	Armadale	595 Orrong Rd	3		2016-08-13	3143	2	292	-37.8523	145.0116
413	413	Armadale	3 Wattletree Rd	3		2016-05-14	3143	1	482	-37.8606	145.0157
414	414	Armadale	7/53 Wattletree Rd	1	390000	2016-05-14	3143	0	881	-37.8614	145.0222
415	415	Armadale	2b Denbigh Rd	3		2016-10-15	3143	1	228	-37.8603	145.0155
416	416	Armadale	791 High St	3	1800000	2016-10-15	3143	2	405	-37.8545	145.0145
417	417	Armadale	22 Lambeth Av	4		2016-10-15	3143				
418	418	Armadale	25 Llaneast St	4	2200000	2016-10-15	3143	2	495	-37.8613	145.0264
419	419	Armadale	5 Alleyne Av	4		2016-04-16	3143				
420	420	Armadale	8/569 Orrong Rd	1	324000	2016-04-16	3143	1	0	-37.8537	145.0114
421	421	Armadale	19 Sutherland Rd	3		2016-04-16	3143	2	451	-37.8593	145.0167
422	422	Armadale	17/579 Dandenong Rd	2		2016-07-16	3143	1	0	-37.8646	145.0247
423	423	Armadale	11/26 Gladstone Av	2		2016-07-16	3143				
424	424	Armadale	2/1 Munro St	3		2016-07-16	3143	4	0	-37.853	145.0181
425	425	Armadale	1 Cambridge St	2		2016-09-17	3143	2	230	-37.8593	145.017
426	426	Armadale	367 Dandenong Rd	6	5525000	2016-09-17	3143	4	1491	-37.8602	145.013
427	427	Armadale	10 Egerton Rd	4		2016-09-17	3143	2	449	-37.8628	145.0226
428	428	Armadale	34a Rose St	2	1125000	2016-09-17	3143	2	169	-37.851	145.0161
429	429	Armadale	42 Rose St	3	2250000	2016-09-17	3143	1	301	-37.8511	145.0167
430	430	Armadale	12 Auburn Gr	3	2360000	2017-03-18	3143	0	336	-37.8558	145.015
431	431	Armadale	31 Hume St	2	1900000	2017-03-18	3143	0	207	-37.8571	145.0224
432	432	Armadale	10/581 Orrong Rd	1	440000	2017-03-18	3143	1	0	-37.8531	145.0115
433	433	Armadale	5/8 Sutherland Rd	2		2017-03-18	3143				
434	434	Armadale	5/92 Wattletree Rd	2		2017-03-18	3143	1	734	-37.8623	145.0262
435	435	Armadale	7/579 Dandenong Rd	2	490000	2016-06-18	3143	1	0	-37.8646	145.0247
436	436	Armadale	1/13 Denbigh Rd	3		2016-06-18	3143	2	0	-37.859	145.0153
437	437	Armadale	19 Glassford St	3	2365000	2016-06-18	3143	1	316	-37.8521	145.019
438	438	Armadale	14 New St	3	1300000	2016-06-18	3143	2	212	-37.8542	145.0149
439	439	Armadale	9/38 Northcote Rd	2		2016-06-18	3143	1	0	-37.8531	145.0173
440	440	Armadale	7/501 Orrong Rd	3	732000	2016-06-18	3143	2	0	-37.8597	145.0104
441	441	Armadale	6/51 Armadale St	2	704000	2016-11-19	3143	1	0	-37.8573	145.0186
442	442	Armadale	30 Barkly Av	4		2016-11-19	3143				
443	443	Armadale	5/31 Inverness Av	2		2016-11-19	3143				
444	444	Armadale	12/41 Kooyong Rd	2	620000	2016-11-19	3143	1	0	-37.8596	145.0198
445	445	Armadale	63 Denbigh Rd	3	1900000	2016-05-22	3143	2	328	-37.8559	145.0158
446	446	Armadale	1 Derby St	3		2016-05-22	3143	2	0	-37.8512	145.0207
447	447	Armadale	5/2 Mercer Rd	3		2016-05-22	3143	2	0	-37.8557	145.0264
448	448	Armadale	9/60 Wattletree Rd	2		2016-05-22	3143	1	2659	-37.8616	145.0211
449	449	Armadale	13/56 Sutherland Rd	1	315000	2016-08-22	3143	1	0	-37.8575	145.0174
450	450	Armadale	12 Baldwin St	3		2016-04-23	3143	0	151	-37.8549	145.0219
451	451	Armadale	48 Barkly Av	3	1992000	2016-04-23	3143				
452	452	Armadale	7/22 Derby St	1	450000	2016-09-24	3143	1	0	-37.8509	145.0203
453	453	Armadale	10/51 Armadale St	2	710000	2017-02-25	3143	1	2471	-37.8573	145.0186
454	454	Armadale	2/377 Dandenong Rd	2	872000	2017-02-25	3143	1	1194	-37.8604	145.0147
455	455	Armadale	1/14 Denbigh Rd	2	598000	2017-02-25	3143	1	0	-37.8593	145.0156
456	456	Armadale	15 Sutherland Rd	3		2017-02-25	3143	2	459	-37.8595	145.0166
457	457	Armadale	75 Sutherland Rd	3	1285000	2017-02-25	3143	2	186	-37.8554	145.0173
458	458	Armadale	61 Union St	4	3660000	2017-02-25	3143	2	421	-37.8593	145.0275
459	459	Armadale	30 Willis St	3		2017-02-25	3143	2	251	-37.8572	145.0275
460	460	Armadale	1/770 Malvern Rd	2		2016-07-26	3143	1	0	-37.8498	145.0145
461	461	Armadale	1/403 Dandenong Rd	2	520000	2016-06-27	3143	1	0	-37.8618	145.0183
462	462	Armadale	7 Lambeth Av	4	2760000	2016-06-27	3143				
463	463	Armadale	3 Alleyne Av	4		2016-11-27	3143				
464	464	Armadale	10/507 Dandenong Rd	2	690000	2016-11-27	3143				
465	465	Armadale	44 Denbigh Rd	4	3625000	2016-11-27	3143	2	709	-37.8574	145.016
466	466	Armadale	44 Hampden Rd	4	4200000	2016-11-27	3143	3	563	-37.8582	145.0138
467	467	Armadale	3/769 High St	3	1101000	2016-11-27	3143	2	103	-37.8542	145.0135
468	468	Armadale	4 Mercer Rd	3	3512500	2016-11-27	3143	2	617	-37.8557	145.0264
469	469	Armadale	4/38 Northcote Rd	2		2016-11-27	3143	1	0	-37.8531	145.0173
470	470	Armadale	4/576 Orrong Rd	2		2016-11-27	3143	2	0	-37.8539	145.0119
471	471	Armadale	17 Kooyong Rd	4	2000000	2016-05-28	3143	4	544	-37.8611	145.0195
472	472	Armadale	896 Malvern Rd	3		2016-05-28	3143	1	0	-37.8505	145.0205
473	473	Armadale	1/31 Mercer Rd	3	869000	2016-05-28	3143	1	0	-37.853	145.0264
474	474	Armadale	8/507 Dandenong Rd	2	577000	2016-08-28	3143				
475	475	Armadale	8 Derby St	3		2016-08-28	3143	1	196	-37.8509	145.0208
476	476	Armadale	1/6 Elm Gr	2		2016-08-28	3143	4	0	-37.8525	145.0159
477	477	Armadale	37 Lambeth Av	3	2865000	2016-08-28	3143				
478	478	Armadale	16 Llaneast St	5	2810000	2016-08-28	3143	2	617	-37.8611	145.0271
479	479	Armadale	2/532 Orrong Rd	2	565000	2016-08-28	3143	1	0	-37.8573	145.0112
480	480	Armadale	5/555 Orrong Rd	1	567000	2016-08-28	3143	1	0	-37.8549	145.0113
481	481	Armadale	3/50 Denbigh Rd	2	546000	2016-07-30	3143	0	0	-37.8568	145.0161
482	482	Armadale	11 Egerton Rd	2		2016-07-30	3143	1	266	-37.8626	145.0222
483	483	Armadale	7/844 Malvern Rd	2	471500	2016-07-30	3143	1	0	-37.8503	145.0185
484	484	Ascot Vale	24 Ayr St	3		2016-09-03	3032	2	305	-37.7799	144.9296
485	485	Ascot Vale	2/43 Roxburgh St	2	455000	2016-09-03	3032	2	0	-37.7756	144.9165
486	486	Ascot Vale	30 Rothwell St	3	940000	2016-12-03	3032	2	298	-37.7777	144.9195
487	487	Ascot Vale	9/5 Rothwell St	2	467000	2016-12-03	3032	1	0	-37.7761	144.9201
488	488	Ascot Vale	47 Union Rd	3		2016-12-03	3032	2	271	-37.7783	144.9149
489	489	Ascot Vale	42 Archer Av	3	895000	2016-02-04	3032				
490	490	Ascot Vale	7 Francis St	3	1380000	2017-03-04	3032	2	277	-37.7777	144.9221
491	491	Ascot Vale	2/21 Harold St	2	490000	2017-03-04	3032	1	423	-37.7736	144.9015
492	492	Ascot Vale	44 The Parade	4	1850000	2017-03-04	3032	1	478	-37.7729	144.9179
493	493	Ascot Vale	97 Walter St	3	1284000	2017-03-04	3032	2	623	-37.7758	144.9089
494	494	Ascot Vale	98 Epsom Rd	3	971000	2016-06-04	3032	2	285	-37.775	144.9091
495	495	Ascot Vale	8 Geddes St	2	710000	2016-06-04	3032	1	214	-37.7776	144.9142
496	496	Ascot Vale	75 Maribyrnong Rd	6	2425000	2016-06-04	3032	2	1014	-37.7721	144.9184
497	497	Ascot Vale	119 Roseberry St	2	750000	2016-06-04	3032	1	226	-37.7745	144.9093
498	498	Ascot Vale	25 Station Av	2	840000	2016-06-04	3032				